{
  "features": {
    "securityScanCount": {
      "mean": 3.2352597740908786,
      "stdDev": 0.16209841875917705,
      "count": 5,
      "min": 3.0370034641480093,
      "max": 3.4750038267368133
    },
    "securityStepCount": {
      "mean": 5.513153636145946,
      "stdDev": 0.3075410284424221,
      "count": 5,
      "min": 5.105883356647792,
      "max": 5.978162529798016
    },
    "readPermissionCount": {
      "mean": 9.102490771360298,
      "stdDev": 0.32670241019308444,
      "count": 5,
      "min": 8.581384959811565,
      "max": 9.536856040690026
    },
    "writePermissionCount": {
      "mean": 4.580308276464189,
      "stdDev": 0.27786192265080084,
      "count": 5,
      "min": 4.221468396042573,
      "max": 4.885036983795759
    },
    "adminPermissionCount": {
      "mean": 1.178598247409986,
      "stdDev": 0.160885452008696,
      "count": 5,
      "min": 1.0003935289356876,
      "max": 1.429809234961133
    },
    "secretsUsageCount": {
      "mean": 2.6803433950618913,
      "stdDev": 0.2179256129209037,
      "count": 5,
      "min": 2.330858889535832,
      "max": 2.9837185595206503
    },
    "approvalStepCount": {
      "mean": 2.289438445853236,
      "stdDev": 0.14067840637494963,
      "count": 5,
      "min": 2.0732169416698025,
      "max": 2.4740061010159327
    },
    "avgSecurityStepOrder": {
      "mean": 6.246718583137559,
      "stdDev": 0.3604381418239177,
      "count": 5,
      "min": 5.72205791502917,
      "max": 6.768372673154461
    },
    "permissionEscalation": {
      "mean": 0,
      "stdDev": 0.1,
      "count": 5,
      "min": 0,
      "max": 0
    },
    "totalStepCount": {
      "mean": 13.283267935174544,
      "stdDev": 0.6206490788388608,
      "count": 5,
      "min": 12.190309494249359,
      "max": 13.8928744074457
    },
    "securityStepRatio": {
      "mean": 0.46519222530113363,
      "stdDev": 0.008300574011887586,
      "count": 5,
      "min": 0.45069099350434355,
      "max": 0.47427616322865357
    },
    "normalizedFirstSecurityStep": {
      "mean": 0.26764815976239903,
      "stdDev": 0.020272245288330864,
      "count": 5,
      "min": 0.23100249945598586,
      "max": 0.2870836579729975
    },
    "normalizedLastSecurityStep": {
      "mean": 0.64290250356878,
      "stdDev": 0.028644344713611842,
      "count": 5,
      "min": 0.6078646112055646,
      "max": 0.6950038158540262
    },
    "secretsWithWriteCount": {
      "mean": 1.1368992341162536,
      "stdDev": 0.08849440428126155,
      "count": 5,
      "min": 1.040034842222497,
      "max": 1.2963513367309563
    },
    "stepsWithAdminCount": {
      "mean": 1.29788536505992,
      "stdDev": 0.12737904283148302,
      "count": 5,
      "min": 1.1232116253514597,
      "max": 1.474109444745668
    },
    "securityBeforeDeploy": {
      "mean": 4.410265594702709,
      "stdDev": 0.2966565683440704,
      "count": 5,
      "min": 4.107326953293274,
      "max": 4.941133867104085
    },
    "normalizedAvgStepOrder": {
      "mean": 0.5663934418806178,
      "stdDev": 0.033066747853246835,
      "count": 5,
      "min": 0.5048962236107476,
      "max": 0.599326360043571
    }
  },
  "trainedAt": "2026-01-13T12:19:22.572Z",
  "baselineRunCount": 5,
  "pipelineName": "test-pipeline",
  "version": "1.0.0"
}